timeStamp,elapsed,label,responseCode,responseMessage,threadName,dataType,success,failureMessage,bytes,sentBytes,grpThreads,allThreads,URL,Latency,IdleTime,Connect
1680412695177,1834,/top-up,200,OK,traffic distribution gojek 1-2,text,true,,19169,179,1,1,https://api-staging-builder.engineer.ai/configurations,1601,0,1205
1680412697018,615,/pay,200,OK,traffic distribution gojek 1-2,text,true,,19176,179,2,2,https://api-staging-builder.engineer.ai/configurations,365,0,0
1680412697021,1099,/top-up,200,OK,traffic distribution gojek 1-4,text,true,,19169,179,2,2,https://api-staging-builder.engineer.ai/configurations,855,0,507
1680412697633,609,/destination,200,OK,traffic distribution gojek 1-2,text,true,,19176,179,2,2,https://api-staging-builder.engineer.ai/configurations,357,0,0
1680412698121,560,/pay,200,OK,traffic distribution gojek 1-4,text,true,,19169,179,2,2,https://api-staging-builder.engineer.ai/configurations,315,0,0
1680412698242,630,/pickup-location,200,OK,traffic distribution gojek 1-2,text,true,,19176,179,2,2,https://api-staging-builder.engineer.ai/configurations,384,0,0
1680412698682,593,/destination,200,OK,traffic distribution gojek 1-4,text,true,,19169,179,3,3,https://api-staging-builder.engineer.ai/configurations,335,0,0
1680412698872,586,/choose-vehicle,200,OK,traffic distribution gojek 1-2,text,true,,19176,179,3,3,https://api-staging-builder.engineer.ai/configurations,341,0,0
1680412699276,597,/pickup-location,200,OK,traffic distribution gojek 1-4,text,true,,19176,179,3,3,https://api-staging-builder.engineer.ai/configurations,348,0,0
1680412699459,608,/voucher,200,OK,traffic distribution gojek 1-2,text,true,,19169,179,4,4,https://api-staging-builder.engineer.ai/configurations,314,0,0
1680412699017,1307,/destination,200,OK,traffic distribution gojek 1-6,text,true,,19176,179,4,4,https://api-staging-builder.engineer.ai/configurations,1050,0,525
1680412699874,579,/choose-vehicle,200,OK,traffic distribution gojek 1-4,text,true,,19176,179,4,4,https://api-staging-builder.engineer.ai/configurations,327,0,0
1680412700067,720,/payment-methods,200,OK,traffic distribution gojek 1-2,text,true,,19176,179,4,4,https://api-staging-builder.engineer.ai/configurations,475,0,0
1680412700323,767,/pickup-location,200,OK,traffic distribution gojek 1-6,text,true,,19176,179,4,4,https://api-staging-builder.engineer.ai/configurations,515,0,0
1680412700453,766,/voucher,200,OK,traffic distribution gojek 1-4,text,true,,19176,179,4,4,https://api-staging-builder.engineer.ai/configurations,514,0,0
1680412700017,1290,/top-up,200,OK,traffic distribution gojek 1-7,text,true,,19176,179,4,4,https://api-staging-builder.engineer.ai/configurations,1014,0,558
1680412701091,694,/choose-vehicle,200,OK,traffic distribution gojek 1-6,text,true,,19175,179,4,4,https://api-staging-builder.engineer.ai/configurations,370,0,0
1680412701219,624,/payment-methods,200,OK,traffic distribution gojek 1-4,text,true,,19176,179,4,4,https://api-staging-builder.engineer.ai/configurations,353,0,0
1680412701307,733,/pay,200,OK,traffic distribution gojek 1-7,text,true,,19169,179,4,4,https://api-staging-builder.engineer.ai/configurations,410,0,0
1680412701018,1345,/destination,200,OK,traffic distribution gojek 1-8,text,true,,19169,179,3,3,https://api-staging-builder.engineer.ai/configurations,992,0,626
1680412701786,639,/voucher,200,OK,traffic distribution gojek 1-6,text,true,,19182,179,3,3,https://api-staging-builder.engineer.ai/configurations,348,0,0
1680412702363,620,/pickup-location,200,OK,traffic distribution gojek 1-8,text,true,,19169,179,3,3,https://api-staging-builder.engineer.ai/configurations,317,0,0
1680412702425,638,/payment-methods,200,OK,traffic distribution gojek 1-6,text,true,,19176,179,4,4,https://api-staging-builder.engineer.ai/configurations,378,0,0
1680412702014,1342,/top-up,200,OK,traffic distribution gojek 1-9,text,true,,19175,179,4,4,https://api-staging-builder.engineer.ai/configurations,969,0,610
1680412702983,674,/choose-vehicle,200,OK,traffic distribution gojek 1-8,text,true,,19176,179,4,4,https://api-staging-builder.engineer.ai/configurations,393,0,0
1680412703063,594,/history,200,OK,traffic distribution gojek 1-6,text,true,,19176,179,4,4,https://api-staging-builder.engineer.ai/configurations,313,0,0
1680412703356,642,/pay,200,OK,traffic distribution gojek 1-9,text,true,,19169,179,4,4,https://api-staging-builder.engineer.ai/configurations,390,0,0
1680412703657,619,/voucher,200,OK,traffic distribution gojek 1-8,text,true,,19169,179,3,3,https://api-staging-builder.engineer.ai/configurations,358,0,0
1680412703017,1318,/destination,200,OK,traffic distribution gojek 1-10,text,true,,19176,179,3,3,https://api-staging-builder.engineer.ai/configurations,1016,0,645
1680412703658,677,/ongoing,200,OK,traffic distribution gojek 1-6,text,true,,19176,179,3,3,https://api-staging-builder.engineer.ai/configurations,394,0,0
1680412704276,647,/payment-methods,200,OK,traffic distribution gojek 1-8,text,true,,19176,179,3,3,https://api-staging-builder.engineer.ai/configurations,385,0,0
1680412704336,633,/scheduled,200,OK,traffic distribution gojek 1-6,text,true,,19176,179,2,2,https://api-staging-builder.engineer.ai/configurations,359,0,0
1680412704336,641,/pickup-location,200,OK,traffic distribution gojek 1-10,text,true,,19176,179,1,1,https://api-staging-builder.engineer.ai/configurations,370,0,0
1680412704978,588,/choose-vehicle,200,OK,traffic distribution gojek 1-10,text,true,,19176,179,2,2,https://api-staging-builder.engineer.ai/configurations,319,0,0
1680412705566,619,/voucher,200,OK,traffic distribution gojek 1-10,text,true,,19176,179,2,2,https://api-staging-builder.engineer.ai/configurations,346,0,0
1680412705013,1229,/top-up,200,OK,traffic distribution gojek 1-12,text,true,,19175,179,2,2,https://api-staging-builder.engineer.ai/configurations,921,0,566
1680412706185,725,/payment-methods,200,OK,traffic distribution gojek 1-10,text,true,,19176,179,2,2,https://api-staging-builder.engineer.ai/configurations,442,0,0
1680412706243,826,/pay,200,OK,traffic distribution gojek 1-12,text,true,,19175,179,2,2,https://api-staging-builder.engineer.ai/configurations,511,0,0
1680412707070,699,/destination,200,OK,traffic distribution gojek 1-12,text,true,,19176,179,2,2,https://api-staging-builder.engineer.ai/configurations,367,0,0
1680412707023,1152,/top-up,200,OK,traffic distribution gojek 1-14,text,true,,19176,179,2,2,https://api-staging-builder.engineer.ai/configurations,894,0,515
1680412707769,760,/pickup-location,200,OK,traffic distribution gojek 1-12,text,true,,19182,179,2,2,https://api-staging-builder.engineer.ai/configurations,404,0,0
1680412708176,788,/pay,200,OK,traffic distribution gojek 1-14,text,true,,19176,179,2,2,https://api-staging-builder.engineer.ai/configurations,518,0,0
1680412708530,825,/choose-vehicle,200,OK,traffic distribution gojek 1-12,text,true,,19176,179,3,3,https://api-staging-builder.engineer.ai/configurations,500,0,0
1680412708965,670,/destination,200,OK,traffic distribution gojek 1-14,text,true,,19176,179,3,3,https://api-staging-builder.engineer.ai/configurations,390,0,0
1680412709356,758,/voucher,200,OK,traffic distribution gojek 1-12,text,true,,19175,179,4,4,https://api-staging-builder.engineer.ai/configurations,463,0,0
1680412709636,580,/pickup-location,200,OK,traffic distribution gojek 1-14,text,true,,19176,179,4,4,https://api-staging-builder.engineer.ai/configurations,323,0,0
1680412709016,1242,/destination,200,OK,traffic distribution gojek 1-16,text,true,,19175,179,4,4,https://api-staging-builder.engineer.ai/configurations,986,0,576
1680412710117,664,/payment-methods,200,OK,traffic distribution gojek 1-12,text,true,,19176,179,4,4,https://api-staging-builder.engineer.ai/configurations,411,0,0
1680412710216,658,/choose-vehicle,200,OK,traffic distribution gojek 1-14,text,true,,19176,179,3,3,https://api-staging-builder.engineer.ai/configurations,369,0,0
1680412710259,733,/pickup-location,200,OK,traffic distribution gojek 1-16,text,true,,19176,179,3,3,https://api-staging-builder.engineer.ai/configurations,430,0,0
1680412710014,1205,/top-up,200,OK,traffic distribution gojek 1-17,text,true,,19176,179,4,4,https://api-staging-builder.engineer.ai/configurations,927,0,573
1680412710875,571,/voucher,200,OK,traffic distribution gojek 1-14,text,true,,19175,179,4,4,https://api-staging-builder.engineer.ai/configurations,331,0,0
1680412710993,651,/choose-vehicle,200,OK,traffic distribution gojek 1-16,text,true,,19176,179,4,4,https://api-staging-builder.engineer.ai/configurations,357,0,0
1680412711220,637,/pay,200,OK,traffic distribution gojek 1-17,text,true,,19169,179,4,4,https://api-staging-builder.engineer.ai/configurations,363,0,0
1680412711447,614,/payment-methods,200,OK,traffic distribution gojek 1-14,text,true,,19176,179,4,4,https://api-staging-builder.engineer.ai/configurations,332,0,0
1680412711014,1147,/destination,200,OK,traffic distribution gojek 1-18,text,true,,19176,179,3,3,https://api-staging-builder.engineer.ai/configurations,847,0,509
1680412711644,585,/voucher,200,OK,traffic distribution gojek 1-16,text,true,,19169,179,3,3,https://api-staging-builder.engineer.ai/configurations,326,0,0
1680412712229,761,/payment-methods,200,OK,traffic distribution gojek 1-16,text,true,,19176,179,3,3,https://api-staging-builder.engineer.ai/configurations,508,0,0
1680412712023,1203,/top-up,200,OK,traffic distribution gojek 1-19,text,true,,19176,179,4,4,https://api-staging-builder.engineer.ai/configurations,932,0,555
1680412712161,1099,/pickup-location,200,OK,traffic distribution gojek 1-18,text,true,,19176,179,4,4,https://api-staging-builder.engineer.ai/configurations,810,0,0
1680412712991,659,/history,200,OK,traffic distribution gojek 1-16,text,true,,19176,179,4,4,https://api-staging-builder.engineer.ai/configurations,387,0,0
1680412713226,611,/pay,200,OK,traffic distribution gojek 1-19,text,true,,19176,179,4,4,https://api-staging-builder.engineer.ai/configurations,363,0,0
1680412713261,597,/choose-vehicle,200,OK,traffic distribution gojek 1-18,text,true,,19182,179,3,3,https://api-staging-builder.engineer.ai/configurations,346,0,0
1680412713651,676,/ongoing,200,OK,traffic distribution gojek 1-16,text,true,,19169,179,3,3,https://api-staging-builder.engineer.ai/configurations,335,0,0
1680412713014,1313,/destination,200,OK,traffic distribution gojek 1-20,text,true,,19176,179,3,3,https://api-staging-builder.engineer.ai/configurations,976,0,639
1680412713859,594,/voucher,200,OK,traffic distribution gojek 1-18,text,true,,19169,179,3,3,https://api-staging-builder.engineer.ai/configurations,330,0,0
1680412714327,625,/scheduled,200,OK,traffic distribution gojek 1-16,text,true,,19176,179,3,3,https://api-staging-builder.engineer.ai/configurations,357,0,0
1680412714453,640,/payment-methods,200,OK,traffic distribution gojek 1-18,text,true,,19169,179,3,3,https://api-staging-builder.engineer.ai/configurations,375,0,0
1680412714327,766,/pickup-location,200,OK,traffic distribution gojek 1-20,text,true,,19175,179,3,3,https://api-staging-builder.engineer.ai/configurations,501,0,0
1680412715094,679,/choose-vehicle,200,OK,traffic distribution gojek 1-20,text,true,,19175,179,2,2,https://api-staging-builder.engineer.ai/configurations,370,0,0
1680412715015,1222,/top-up,200,OK,traffic distribution gojek 1-22,text,true,,19169,179,2,2,https://api-staging-builder.engineer.ai/configurations,973,0,554
1680412715774,598,/voucher,200,OK,traffic distribution gojek 1-20,text,true,,19169,179,2,2,https://api-staging-builder.engineer.ai/configurations,355,0,0
1680412716237,568,/pay,200,OK,traffic distribution gojek 1-22,text,true,,19176,179,2,2,https://api-staging-builder.engineer.ai/configurations,322,0,0
1680412716373,824,/payment-methods,200,OK,traffic distribution gojek 1-20,text,true,,19176,179,3,3,https://api-staging-builder.engineer.ai/configurations,346,0,0
1680412716806,425,/destination,200,OK,traffic distribution gojek 1-22,text,true,,19169,179,2,2,https://api-staging-builder.engineer.ai/configurations,391,0,0
1680412717231,425,/pickup-location,200,OK,traffic distribution gojek 1-22,text,true,,19176,179,2,2,https://api-staging-builder.engineer.ai/configurations,383,0,0
1680412717657,473,/choose-vehicle,200,OK,traffic distribution gojek 1-22,text,true,,19169,179,2,2,https://api-staging-builder.engineer.ai/configurations,473,0,0
1680412718131,318,/voucher,200,OK,traffic distribution gojek 1-22,text,true,,19176,179,2,2,https://api-staging-builder.engineer.ai/configurations,317,0,0
1680412717016,1528,/top-up,200,OK,traffic distribution gojek 1-24,text,true,,19176,179,2,2,https://api-staging-builder.engineer.ai/configurations,1284,0,965
1680412718449,423,/payment-methods,200,OK,traffic distribution gojek 1-22,text,true,,19169,179,2,2,https://api-staging-builder.engineer.ai/configurations,422,0,0
1680412718544,655,/pay,200,OK,traffic distribution gojek 1-24,text,true,,19169,179,2,2,https://api-staging-builder.engineer.ai/configurations,412,0,0
1680412719200,553,/destination,200,OK,traffic distribution gojek 1-24,text,true,,19176,179,2,2,https://api-staging-builder.engineer.ai/configurations,310,0,0
1680412719013,1046,/destination,200,OK,traffic distribution gojek 1-26,text,true,,19176,179,3,3,https://api-staging-builder.engineer.ai/configurations,806,0,485
1680412719753,563,/pickup-location,200,OK,traffic distribution gojek 1-24,text,true,,19169,179,3,3,https://api-staging-builder.engineer.ai/configurations,320,0,0
1680412720059,559,/pickup-location,200,OK,traffic distribution gojek 1-26,text,true,,19169,179,3,3,https://api-staging-builder.engineer.ai/configurations,316,0,0
1680412720317,566,/choose-vehicle,200,OK,traffic distribution gojek 1-24,text,true,,19169,179,3,3,https://api-staging-builder.engineer.ai/configurations,325,0,0
1680412720013,1072,/top-up,200,OK,traffic distribution gojek 1-27,text,true,,19176,179,4,4,https://api-staging-builder.engineer.ai/configurations,813,0,496
1680412720619,570,/choose-vehicle,200,OK,traffic distribution gojek 1-26,text,true,,19176,179,4,4,https://api-staging-builder.engineer.ai/configurations,328,0,0
1680412720883,546,/voucher,200,OK,traffic distribution gojek 1-24,text,true,,19175,179,4,4,https://api-staging-builder.engineer.ai/configurations,300,0,0
1680412721085,579,/pay,200,OK,traffic distribution gojek 1-27,text,true,,19175,179,4,4,https://api-staging-builder.engineer.ai/configurations,319,0,0
1680412721189,581,/voucher,200,OK,traffic distribution gojek 1-26,text,true,,19169,179,3,3,https://api-staging-builder.engineer.ai/configurations,332,0,0
1680412721429,421,/payment-methods,200,OK,traffic distribution gojek 1-24,text,true,,19169,179,3,3,https://api-staging-builder.engineer.ai/configurations,421,0,0
1680412721013,1188,/destination,200,OK,traffic distribution gojek 1-28,text,true,,19176,179,3,3,https://api-staging-builder.engineer.ai/configurations,934,0,522
1680412721770,605,/payment-methods,200,OK,traffic distribution gojek 1-26,text,true,,19176,179,3,3,https://api-staging-builder.engineer.ai/configurations,344,0,0
1680412722202,595,/pickup-location,200,OK,traffic distribution gojek 1-28,text,true,,19176,179,3,3,https://api-staging-builder.engineer.ai/configurations,315,0,0
1680412722375,574,/history,200,OK,traffic distribution gojek 1-26,text,true,,19169,179,3,3,https://api-staging-builder.engineer.ai/configurations,314,0,0
1680412722012,1135,/top-up,200,OK,traffic distribution gojek 1-29,text,true,,19176,179,4,4,https://api-staging-builder.engineer.ai/configurations,887,0,533
1680412722798,590,/choose-vehicle,200,OK,traffic distribution gojek 1-28,text,true,,19176,179,4,4,https://api-staging-builder.engineer.ai/configurations,332,0,0
1680412722949,573,/ongoing,200,OK,traffic distribution gojek 1-26,text,true,,19176,179,4,4,https://api-staging-builder.engineer.ai/configurations,330,0,0
1680412723147,573,/pay,200,OK,traffic distribution gojek 1-29,text,true,,19183,179,4,4,https://api-staging-builder.engineer.ai/configurations,316,0,0
1680412723388,578,/voucher,200,OK,traffic distribution gojek 1-28,text,true,,19169,179,3,3,https://api-staging-builder.engineer.ai/configurations,309,0,0
1680412723522,581,/scheduled,200,OK,traffic distribution gojek 1-26,text,true,,19175,179,3,3,https://api-staging-builder.engineer.ai/configurations,321,0,0
1680412723013,1113,/destination,200,OK,traffic distribution gojek 1-30,text,true,,19176,179,2,2,https://api-staging-builder.engineer.ai/configurations,850,0,517
1680412723967,648,/payment-methods,200,OK,traffic distribution gojek 1-28,text,true,,19176,179,2,2,https://api-staging-builder.engineer.ai/configurations,357,0,0
1680412724126,716,/pickup-location,200,OK,traffic distribution gojek 1-30,text,true,,19176,179,1,1,https://api-staging-builder.engineer.ai/configurations,457,0,0
1680412724842,623,/choose-vehicle,200,OK,traffic distribution gojek 1-30,text,true,,19176,179,2,2,https://api-staging-builder.engineer.ai/configurations,339,0,0
1680412725466,631,/voucher,200,OK,traffic distribution gojek 1-30,text,true,,19176,179,2,2,https://api-staging-builder.engineer.ai/configurations,371,0,0
1680412725012,1475,/top-up,200,OK,traffic distribution gojek 1-32,text,true,,19176,179,2,2,https://api-staging-builder.engineer.ai/configurations,994,0,655
1680412726097,616,/payment-methods,200,OK,traffic distribution gojek 1-30,text,true,,19176,179,2,2,https://api-staging-builder.engineer.ai/configurations,359,0,0
1680412726488,580,/pay,200,OK,traffic distribution gojek 1-32,text,true,,19176,179,2,2,https://api-staging-builder.engineer.ai/configurations,330,0,0
1680412727069,586,/destination,200,OK,traffic distribution gojek 1-32,text,true,,19176,179,2,2,https://api-staging-builder.engineer.ai/configurations,337,0,0
1680412727014,1095,/top-up,200,OK,traffic distribution gojek 1-34,text,true,,19169,179,2,2,https://api-staging-builder.engineer.ai/configurations,849,0,507
1680412727655,599,/pickup-location,200,OK,traffic distribution gojek 1-32,text,true,,19176,179,2,2,https://api-staging-builder.engineer.ai/configurations,340,0,0
1680412728110,565,/pay,200,OK,traffic distribution gojek 1-34,text,true,,19169,179,2,2,https://api-staging-builder.engineer.ai/configurations,319,0,0
1680412728255,606,/choose-vehicle,200,OK,traffic distribution gojek 1-32,text,true,,19182,179,2,2,https://api-staging-builder.engineer.ai/configurations,356,0,0
1680412728675,563,/destination,200,OK,traffic distribution gojek 1-34,text,true,,19169,179,3,3,https://api-staging-builder.engineer.ai/configurations,309,0,0
1680412728862,579,/voucher,200,OK,traffic distribution gojek 1-32,text,true,,19176,179,3,3,https://api-staging-builder.engineer.ai/configurations,328,0,0
1680412729238,575,/pickup-location,200,OK,traffic distribution gojek 1-34,text,true,,19176,179,3,3,https://api-staging-builder.engineer.ai/configurations,329,0,0
1680412729442,575,/payment-methods,200,OK,traffic distribution gojek 1-32,text,true,,19176,179,4,4,https://api-staging-builder.engineer.ai/configurations,326,0,0
1680412729018,1020,/destination,200,OK,traffic distribution gojek 1-36,text,true,,19176,179,3,3,https://api-staging-builder.engineer.ai/configurations,783,0,482
1680412729813,553,/choose-vehicle,200,OK,traffic distribution gojek 1-34,text,true,,19169,179,3,3,https://api-staging-builder.engineer.ai/configurations,307,0,0
1680412730038,572,/pickup-location,200,OK,traffic distribution gojek 1-36,text,true,,19176,179,3,3,https://api-staging-builder.engineer.ai/configurations,335,0,0
1680412730367,670,/voucher,200,OK,traffic distribution gojek 1-34,text,true,,19176,179,4,4,https://api-staging-builder.engineer.ai/configurations,423,0,0
1680412730014,1183,/top-up,200,OK,traffic distribution gojek 1-37,text,true,,19169,179,4,4,https://api-staging-builder.engineer.ai/configurations,931,0,512
1680412730610,610,/choose-vehicle,200,OK,traffic distribution gojek 1-36,text,true,,19176,179,4,4,https://api-staging-builder.engineer.ai/configurations,373,0,0
1680412731037,554,/payment-methods,200,OK,traffic distribution gojek 1-34,text,true,,19169,179,4,4,https://api-staging-builder.engineer.ai/configurations,305,0,0
1680412731198,565,/pay,200,OK,traffic distribution gojek 1-37,text,true,,19176,179,3,3,https://api-staging-builder.engineer.ai/configurations,315,0,0
1680412731221,559,/voucher,200,OK,traffic distribution gojek 1-36,text,true,,19175,179,2,2,https://api-staging-builder.engineer.ai/configurations,324,0,0
1680412731013,1091,/destination,200,OK,traffic distribution gojek 1-38,text,true,,19176,179,3,3,https://api-staging-builder.engineer.ai/configurations,843,0,508
1680412731781,540,/payment-methods,200,OK,traffic distribution gojek 1-36,text,true,,19176,179,3,3,https://api-staging-builder.engineer.ai/configurations,302,0,0
1680412732105,561,/pickup-location,200,OK,traffic distribution gojek 1-38,text,true,,19169,179,3,3,https://api-staging-builder.engineer.ai/configurations,307,0,0
1680412732322,558,/history,200,OK,traffic distribution gojek 1-36,text,true,,19176,179,3,3,https://api-staging-builder.engineer.ai/configurations,320,0,0
1680412732012,1092,/top-up,200,OK,traffic distribution gojek 1-39,text,true,,19176,179,4,4,https://api-staging-builder.engineer.ai/configurations,844,0,505
1680412732667,589,/choose-vehicle,200,OK,traffic distribution gojek 1-38,text,true,,19176,179,4,4,https://api-staging-builder.engineer.ai/configurations,338,0,0
1680412732881,561,/ongoing,200,OK,traffic distribution gojek 1-36,text,true,,19176,179,4,4,https://api-staging-builder.engineer.ai/configurations,312,0,0
1680412733104,588,/pay,200,OK,traffic distribution gojek 1-39,text,true,,19176,179,4,4,https://api-staging-builder.engineer.ai/configurations,318,0,0
1680412733256,680,/voucher,200,OK,traffic distribution gojek 1-38,text,true,,19169,179,3,3,https://api-staging-builder.engineer.ai/configurations,408,0,0
1680412733442,623,/scheduled,200,OK,traffic distribution gojek 1-36,text,true,,19175,179,3,3,https://api-staging-builder.engineer.ai/configurations,368,0,0
1680412733013,1137,/destination,200,OK,traffic distribution gojek 1-40,text,true,,19176,179,2,2,https://api-staging-builder.engineer.ai/configurations,866,0,542
1680412733937,608,/payment-methods,200,OK,traffic distribution gojek 1-38,text,true,,19176,179,2,2,https://api-staging-builder.engineer.ai/configurations,332,0,0
1680412734150,588,/pickup-location,200,OK,traffic distribution gojek 1-40,text,true,,19176,179,1,1,https://api-staging-builder.engineer.ai/configurations,330,0,0
1680412734738,597,/choose-vehicle,200,OK,traffic distribution gojek 1-40,text,true,,19176,179,2,2,https://api-staging-builder.engineer.ai/configurations,337,0,0
1680412735336,595,/voucher,200,OK,traffic distribution gojek 1-40,text,true,,19175,179,2,2,https://api-staging-builder.engineer.ai/configurations,341,0,0
1680412735013,1099,/top-up,200,OK,traffic distribution gojek 1-42,text,true,,19176,179,2,2,https://api-staging-builder.engineer.ai/configurations,847,0,533
1680412735932,549,/payment-methods,200,OK,traffic distribution gojek 1-40,text,true,,19176,179,2,2,https://api-staging-builder.engineer.ai/configurations,306,0,0
1680412736113,795,/pay,200,OK,traffic distribution gojek 1-42,text,true,,19175,179,1,1,https://api-staging-builder.engineer.ai/configurations,544,0,0
1680412736909,341,/destination,200,OK,traffic distribution gojek 1-42,text,true,,19169,179,2,2,https://api-staging-builder.engineer.ai/configurations,341,0,0
1680412737251,339,/pickup-location,200,OK,traffic distribution gojek 1-42,text,true,,19176,179,2,2,https://api-staging-builder.engineer.ai/configurations,339,0,0
1680412737590,361,/choose-vehicle,200,OK,traffic distribution gojek 1-42,text,true,,19169,179,2,2,https://api-staging-builder.engineer.ai/configurations,360,0,0
1680412737013,1095,/top-up,200,OK,traffic distribution gojek 1-44,text,true,,19169,179,2,2,https://api-staging-builder.engineer.ai/configurations,845,0,516
1680412737951,426,/voucher,200,OK,traffic distribution gojek 1-42,text,true,,19176,179,2,2,https://api-staging-builder.engineer.ai/configurations,335,0,0
1680412738109,629,/pay,200,OK,traffic distribution gojek 1-44,text,true,,19176,179,2,2,https://api-staging-builder.engineer.ai/configurations,352,0,0
1680412738378,376,/payment-methods,200,OK,traffic distribution gojek 1-42,text,true,,19169,179,2,2,https://api-staging-builder.engineer.ai/configurations,361,0,0
1680412738738,559,/destination,200,OK,traffic distribution gojek 1-44,text,true,,19169,179,2,2,https://api-staging-builder.engineer.ai/configurations,309,0,0
1680412739297,650,/pickup-location,200,OK,traffic distribution gojek 1-44,text,true,,19176,179,2,2,https://api-staging-builder.engineer.ai/configurations,402,0,0
1680412739013,1131,/destination,200,OK,traffic distribution gojek 1-46,text,true,,19169,179,3,3,https://api-staging-builder.engineer.ai/configurations,881,0,501
1680412739947,567,/choose-vehicle,200,OK,traffic distribution gojek 1-44,text,true,,19169,179,3,3,https://api-staging-builder.engineer.ai/configurations,323,0,0
1680412740146,557,/pickup-location,200,OK,traffic distribution gojek 1-46,text,true,,19176,179,3,3,https://api-staging-builder.engineer.ai/configurations,309,0,0
1680412740515,600,/voucher,200,OK,traffic distribution gojek 1-44,text,true,,19176,179,4,4,https://api-staging-builder.engineer.ai/configurations,347,0,0
1680412740013,1116,/top-up,200,OK,traffic distribution gojek 1-47,text,true,,19175,179,4,4,https://api-staging-builder.engineer.ai/configurations,861,0,510
1680412740703,555,/choose-vehicle,200,OK,traffic distribution gojek 1-46,text,true,,19182,179,4,4,https://api-staging-builder.engineer.ai/configurations,310,0,0
1680412741129,568,/pay,200,OK,traffic distribution gojek 1-47,text,true,,19176,179,4,4,https://api-staging-builder.engineer.ai/configurations,325,0,0
1680412741115,595,/payment-methods,200,OK,traffic distribution gojek 1-44,text,true,,19176,179,3,3,https://api-staging-builder.engineer.ai/configurations,350,0,0
1680412741258,577,/voucher,200,OK,traffic distribution gojek 1-46,text,true,,19169,179,2,2,https://api-staging-builder.engineer.ai/configurations,323,0,0
1680412741013,1040,/destination,200,OK,traffic distribution gojek 1-48,text,true,,19169,179,3,3,https://api-staging-builder.engineer.ai/configurations,796,0,491
1680412741835,557,/payment-methods,200,OK,traffic distribution gojek 1-46,text,true,,19176,179,3,3,https://api-staging-builder.engineer.ai/configurations,306,0,0
1680412742053,583,/pickup-location,200,OK,traffic distribution gojek 1-48,text,true,,19176,179,3,3,https://api-staging-builder.engineer.ai/configurations,339,0,0
1680412742392,643,/history,200,OK,traffic distribution gojek 1-46,text,true,,19169,179,4,4,https://api-staging-builder.engineer.ai/configurations,401,0,0
1680412742020,1130,/top-up,200,OK,traffic distribution gojek 1-49,text,true,,19176,179,4,4,https://api-staging-builder.engineer.ai/configurations,880,0,506
1680412742637,579,/choose-vehicle,200,OK,traffic distribution gojek 1-48,text,true,,19169,179,4,4,https://api-staging-builder.engineer.ai/configurations,328,0,0
1680412743036,567,/ongoing,200,OK,traffic distribution gojek 1-46,text,true,,19176,179,4,4,https://api-staging-builder.engineer.ai/configurations,316,0,0
1680412743151,602,/pay,200,OK,traffic distribution gojek 1-49,text,true,,19176,179,4,4,https://api-staging-builder.engineer.ai/configurations,347,0,0
1680412743216,613,/voucher,200,OK,traffic distribution gojek 1-48,text,true,,19176,179,3,3,https://api-staging-builder.engineer.ai/configurations,372,0,0
1680412743014,1096,/destination,200,OK,traffic distribution gojek 1-50,text,true,,19176,179,3,3,https://api-staging-builder.engineer.ai/configurations,851,0,511
1680412743604,568,/scheduled,200,OK,traffic distribution gojek 1-46,text,true,,19169,179,3,3,https://api-staging-builder.engineer.ai/configurations,331,0,0
1680412743830,534,/payment-methods,200,OK,traffic distribution gojek 1-48,text,true,,19169,179,2,2,https://api-staging-builder.engineer.ai/configurations,292,0,0
1680412744110,563,/pickup-location,200,OK,traffic distribution gojek 1-50,text,true,,19169,179,1,1,https://api-staging-builder.engineer.ai/configurations,315,0,0
1680412744674,588,/choose-vehicle,200,OK,traffic distribution gojek 1-50,text,true,,19176,179,2,2,https://api-staging-builder.engineer.ai/configurations,333,0,0
1680412745262,667,/voucher,200,OK,traffic distribution gojek 1-50,text,true,,19169,179,2,2,https://api-staging-builder.engineer.ai/configurations,421,0,0
1680412745015,1136,/top-up,200,OK,traffic distribution gojek 1-52,text,true,,19176,179,2,2,https://api-staging-builder.engineer.ai/configurations,889,0,505
1680412745930,579,/payment-methods,200,OK,traffic distribution gojek 1-50,text,true,,19176,179,2,2,https://api-staging-builder.engineer.ai/configurations,317,0,0
1680412746152,578,/pay,200,OK,traffic distribution gojek 1-52,text,true,,19169,179,1,1,https://api-staging-builder.engineer.ai/configurations,311,0,0
1680412746731,592,/destination,200,OK,traffic distribution gojek 1-52,text,true,,19176,179,2,2,https://api-staging-builder.engineer.ai/configurations,346,0,0
1680412747324,565,/pickup-location,200,OK,traffic distribution gojek 1-52,text,true,,19175,179,2,2,https://api-staging-builder.engineer.ai/configurations,320,0,0
1680412747027,1070,/top-up,200,OK,traffic distribution gojek 1-54,text,true,,19169,179,2,2,https://api-staging-builder.engineer.ai/configurations,823,0,498
1680412747890,579,/choose-vehicle,200,OK,traffic distribution gojek 1-52,text,true,,19175,179,2,2,https://api-staging-builder.engineer.ai/configurations,331,0,0
1680412748098,674,/pay,200,OK,traffic distribution gojek 1-54,text,true,,19176,179,2,2,https://api-staging-builder.engineer.ai/configurations,429,0,0
1680412748470,672,/voucher,200,OK,traffic distribution gojek 1-52,text,true,,19175,179,3,3,https://api-staging-builder.engineer.ai/configurations,406,0,0
1680412748773,562,/destination,200,OK,traffic distribution gojek 1-54,text,true,,19169,179,3,3,https://api-staging-builder.engineer.ai/configurations,311,0,0
1680412749144,573,/payment-methods,200,OK,traffic distribution gojek 1-52,text,true,,19176,179,3,3,https://api-staging-builder.engineer.ai/configurations,328,0,0
1680412749336,573,/pickup-location,200,OK,traffic distribution gojek 1-54,text,true,,19175,179,2,2,https://api-staging-builder.engineer.ai/configurations,324,0,0
1680412749012,1051,/destination,200,OK,traffic distribution gojek 1-56,text,true,,19176,179,3,3,https://api-staging-builder.engineer.ai/configurations,805,0,500
1680412749909,580,/choose-vehicle,200,OK,traffic distribution gojek 1-54,text,true,,19169,179,3,3,https://api-staging-builder.engineer.ai/configurations,334,0,0
1680412750065,599,/pickup-location,200,OK,traffic distribution gojek 1-56,text,true,,19169,179,3,3,https://api-staging-builder.engineer.ai/configurations,337,0,0
1680412750490,671,/voucher,200,OK,traffic distribution gojek 1-54,text,true,,19176,179,4,4,https://api-staging-builder.engineer.ai/configurations,374,0,0
1680412750020,1241,/top-up,200,OK,traffic distribution gojek 1-57,text,true,,19176,179,4,4,https://api-staging-builder.engineer.ai/configurations,934,0,522
1680412750665,646,/choose-vehicle,200,OK,traffic distribution gojek 1-56,text,true,,19169,179,4,4,https://api-staging-builder.engineer.ai/configurations,384,0,0
1680412751162,669,/payment-methods,200,OK,traffic distribution gojek 1-54,text,true,,19176,179,4,4,https://api-staging-builder.engineer.ai/configurations,416,0,0
1680412751311,613,/voucher,200,OK,traffic distribution gojek 1-56,text,true,,19182,179,3,3,https://api-staging-builder.engineer.ai/configurations,370,0,0
1680412751261,752,/pay,200,OK,traffic distribution gojek 1-57,text,true,,19176,179,3,3,https://api-staging-builder.engineer.ai/configurations,487,0,0
1680412751020,1167,/destination,200,OK,traffic distribution gojek 1-58,text,true,,19176,179,3,3,https://api-staging-builder.engineer.ai/configurations,917,0,532
1680412751926,581,/payment-methods,200,OK,traffic distribution gojek 1-56,text,true,,19169,179,3,3,https://api-staging-builder.engineer.ai/configurations,333,0,0
1680412752188,575,/pickup-location,200,OK,traffic distribution gojek 1-58,text,true,,19175,179,3,3,https://api-staging-builder.engineer.ai/configurations,319,0,0
1680412752508,564,/history,200,OK,traffic distribution gojek 1-56,text,true,,19176,179,4,4,https://api-staging-builder.engineer.ai/configurations,315,0,0
1680412752019,1163,/top-up,200,OK,traffic distribution gojek 1-59,text,true,,19176,179,4,4,https://api-staging-builder.engineer.ai/configurations,909,0,575
1680412752764,599,/choose-vehicle,200,OK,traffic distribution gojek 1-58,text,true,,19176,179,4,4,https://api-staging-builder.engineer.ai/configurations,347,0,0
1680412753074,581,/ongoing,200,OK,traffic distribution gojek 1-56,text,true,,19175,179,4,4,https://api-staging-builder.engineer.ai/configurations,340,0,0
1680412753183,572,/pay,200,OK,traffic distribution gojek 1-59,text,true,,19169,179,4,4,https://api-staging-builder.engineer.ai/configurations,326,0,0
1680412753364,564,/voucher,200,OK,traffic distribution gojek 1-58,text,true,,19176,179,3,3,https://api-staging-builder.engineer.ai/configurations,315,0,0
1680412753019,1099,/destination,200,OK,traffic distribution gojek 1-60,text,true,,19176,179,3,3,https://api-staging-builder.engineer.ai/configurations,853,0,531
1680412753656,567,/scheduled,200,OK,traffic distribution gojek 1-56,text,true,,19176,179,3,3,https://api-staging-builder.engineer.ai/configurations,313,0,0
1680412754118,544,/pickup-location,200,OK,traffic distribution gojek 1-60,text,true,,19176,179,2,2,https://api-staging-builder.engineer.ai/configurations,303,0,0
1680412753929,912,/payment-methods,200,OK,traffic distribution gojek 1-58,text,true,,19175,179,2,2,https://api-staging-builder.engineer.ai/configurations,335,0,0
1680412754663,590,/choose-vehicle,200,OK,traffic distribution gojek 1-60,text,true,,19176,179,2,2,https://api-staging-builder.engineer.ai/configurations,347,0,0
1680412755254,600,/voucher,200,OK,traffic distribution gojek 1-60,text,true,,19176,179,2,2,https://api-staging-builder.engineer.ai/configurations,323,0,0
1680412755019,1181,/top-up,200,OK,traffic distribution gojek 1-62,text,true,,19176,179,2,2,https://api-staging-builder.engineer.ai/configurations,860,0,518
1680412755855,639,/payment-methods,200,OK,traffic distribution gojek 1-60,text,true,,19176,179,2,2,https://api-staging-builder.engineer.ai/configurations,370,0,0
1680412756201,644,/pay,200,OK,traffic distribution gojek 1-62,text,true,,19176,179,1,1,https://api-staging-builder.engineer.ai/configurations,368,0,0
1680412756846,573,/destination,200,OK,traffic distribution gojek 1-62,text,true,,19176,179,2,2,https://api-staging-builder.engineer.ai/configurations,316,0,0
1680412757420,744,/pickup-location,200,OK,traffic distribution gojek 1-62,text,true,,19176,179,2,2,https://api-staging-builder.engineer.ai/configurations,454,0,0
1680412757023,1284,/top-up,200,OK,traffic distribution gojek 1-64,text,true,,19176,179,2,2,https://api-staging-builder.engineer.ai/configurations,1002,0,503
1680412758165,845,/choose-vehicle,200,OK,traffic distribution gojek 1-62,text,true,,19176,179,2,2,https://api-staging-builder.engineer.ai/configurations,486,0,0
1680412758308,710,/pay,200,OK,traffic distribution gojek 1-64,text,true,,19176,179,3,3,https://api-staging-builder.engineer.ai/configurations,372,0,0
1680412759011,651,/voucher,200,OK,traffic distribution gojek 1-62,text,true,,19176,179,3,3,https://api-staging-builder.engineer.ai/configurations,373,0,0
1680412759019,737,/destination,200,OK,traffic distribution gojek 1-64,text,true,,19176,179,3,3,https://api-staging-builder.engineer.ai/configurations,438,0,0
1680412759018,1183,/destination,200,OK,traffic distribution gojek 1-66,text,true,,19176,179,4,4,https://api-staging-builder.engineer.ai/configurations,922,0,571
1680412759663,673,/payment-methods,200,OK,traffic distribution gojek 1-62,text,true,,19176,179,4,4,https://api-staging-builder.engineer.ai/configurations,367,0,0
1680412759757,599,/pickup-location,200,OK,traffic distribution gojek 1-64,text,true,,19176,179,3,3,https://api-staging-builder.engineer.ai/configurations,321,0,0
1680412760202,742,/pickup-location,200,OK,traffic distribution gojek 1-66,text,true,,19169,179,3,3,https://api-staging-builder.engineer.ai/configurations,488,0,0
1680412760356,745,/choose-vehicle,200,OK,traffic distribution gojek 1-64,text,true,,19176,179,4,4,https://api-staging-builder.engineer.ai/configurations,475,0,0
1680412760028,1314,/top-up,200,OK,traffic distribution gojek 1-67,text,true,,19176,179,4,4,https://api-staging-builder.engineer.ai/configurations,1010,0,647
1680412760945,755,/choose-vehicle,200,OK,traffic distribution gojek 1-66,text,true,,19176,179,4,4,https://api-staging-builder.engineer.ai/configurations,386,0,0
1680412761102,768,/voucher,200,OK,traffic distribution gojek 1-64,text,true,,19176,179,4,4,https://api-staging-builder.engineer.ai/configurations,402,0,0
1680412761342,894,/pay,200,OK,traffic distribution gojek 1-67,text,true,,19169,179,5,5,https://api-staging-builder.engineer.ai/configurations,439,0,0
1680412761702,861,/voucher,200,OK,traffic distribution gojek 1-66,text,true,,19169,179,4,4,https://api-staging-builder.engineer.ai/configurations,489,0,0
1680412761019,1605,/destination,200,OK,traffic distribution gojek 1-68,text,true,,19169,179,4,4,https://api-staging-builder.engineer.ai/configurations,1218,0,707
1680412761871,780,/payment-methods,200,OK,traffic distribution gojek 1-64,text,true,,19176,179,4,4,https://api-staging-builder.engineer.ai/configurations,446,0,0
1680412762564,727,/payment-methods,200,OK,traffic distribution gojek 1-66,text,true,,19176,179,4,4,https://api-staging-builder.engineer.ai/configurations,444,0,0
1680412762625,778,/pickup-location,200,OK,traffic distribution gojek 1-68,text,true,,19176,179,4,4,https://api-staging-builder.engineer.ai/configurations,414,0,0
1680412762020,1456,/top-up,200,OK,traffic distribution gojek 1-69,text,true,,19169,179,4,4,https://api-staging-builder.engineer.ai/configurations,1187,0,814
1680412763291,769,/history,200,OK,traffic distribution gojek 1-66,text,true,,19175,179,4,4,https://api-staging-builder.engineer.ai/configurations,407,0,0
1680412763403,714,/choose-vehicle,200,OK,traffic distribution gojek 1-68,text,true,,19169,179,4,4,https://api-staging-builder.engineer.ai/configurations,409,0,0
1680412763476,808,/pay,200,OK,traffic distribution gojek 1-69,text,true,,19176,179,4,4,https://api-staging-builder.engineer.ai/configurations,423,0,0
1680412763016,1320,/destination,200,OK,traffic distribution gojek 1-70,text,true,,19169,179,3,3,https://api-staging-builder.engineer.ai/configurations,1018,0,570
1680412764060,694,/ongoing,200,OK,traffic distribution gojek 1-66,text,true,,19176,179,3,3,https://api-staging-builder.engineer.ai/configurations,354,0,0
1680412764118,683,/voucher,200,OK,traffic distribution gojek 1-68,text,true,,19169,179,3,3,https://api-staging-builder.engineer.ai/configurations,352,0,0
1680412764337,764,/pickup-location,200,OK,traffic distribution gojek 1-70,text,true,,19176,179,4,4,https://api-staging-builder.engineer.ai/configurations,415,0,0
1680412764755,684,/scheduled,200,OK,traffic distribution gojek 1-66,text,true,,19169,179,4,4,https://api-staging-builder.engineer.ai/configurations,368,0,0
1680412764801,670,/payment-methods,200,OK,traffic distribution gojek 1-68,text,true,,19176,179,3,3,https://api-staging-builder.engineer.ai/configurations,365,0,0
1680412765101,762,/choose-vehicle,200,OK,traffic distribution gojek 1-70,text,true,,19169,179,2,2,https://api-staging-builder.engineer.ai/configurations,419,0,0
1680412765012,1408,/top-up,200,OK,traffic distribution gojek 1-72,text,true,,19176,179,2,2,https://api-staging-builder.engineer.ai/configurations,1088,0,706
1680412765864,849,/voucher,200,OK,traffic distribution gojek 1-70,text,true,,19176,179,2,2,https://api-staging-builder.engineer.ai/configurations,474,0,0
1680412766421,741,/pay,200,OK,traffic distribution gojek 1-72,text,true,,19176,179,3,3,https://api-staging-builder.engineer.ai/configurations,443,0,0
1680412766713,686,/payment-methods,200,OK,traffic distribution gojek 1-70,text,true,,19169,179,3,3,https://api-staging-builder.engineer.ai/configurations,415,0,0
1680412767163,555,/destination,200,OK,traffic distribution gojek 1-72,text,true,,19169,179,2,2,https://api-staging-builder.engineer.ai/configurations,301,0,0
1680412767024,1128,/top-up,200,OK,traffic distribution gojek 1-74,text,true,,19176,179,2,2,https://api-staging-builder.engineer.ai/configurations,883,0,583
1680412767719,577,/pickup-location,200,OK,traffic distribution gojek 1-72,text,true,,19175,179,2,2,https://api-staging-builder.engineer.ai/configurations,332,0,0
1680412768153,561,/pay,200,OK,traffic distribution gojek 1-74,text,true,,19182,179,2,2,https://api-staging-builder.engineer.ai/configurations,311,0,0
1680412768296,674,/choose-vehicle,200,OK,traffic distribution gojek 1-72,text,true,,19169,179,2,2,https://api-staging-builder.engineer.ai/configurations,388,0,0
1680412768715,596,/destination,200,OK,traffic distribution gojek 1-74,text,true,,19176,179,3,3,https://api-staging-builder.engineer.ai/configurations,325,0,0
1680412768971,620,/voucher,200,OK,traffic distribution gojek 1-72,text,true,,19176,179,3,3,https://api-staging-builder.engineer.ai/configurations,340,0,0
1680412769311,686,/pickup-location,200,OK,traffic distribution gojek 1-74,text,true,,19176,179,3,3,https://api-staging-builder.engineer.ai/configurations,395,0,0
1680412769592,571,/payment-methods,200,OK,traffic distribution gojek 1-72,text,true,,19169,179,4,4,https://api-staging-builder.engineer.ai/configurations,337,0,0
1680412769017,1198,/destination,200,OK,traffic distribution gojek 1-76,text,true,,19169,179,3,3,https://api-staging-builder.engineer.ai/configurations,925,0,580
1680412769997,643,/choose-vehicle,200,OK,traffic distribution gojek 1-74,text,true,,19176,179,3,3,https://api-staging-builder.engineer.ai/configurations,345,0,0
1680412770216,594,/pickup-location,200,OK,traffic distribution gojek 1-76,text,true,,19176,179,3,3,https://api-staging-builder.engineer.ai/configurations,333,0,0
1680412770640,592,/voucher,200,OK,traffic distribution gojek 1-74,text,true,,19176,179,4,4,https://api-staging-builder.engineer.ai/configurations,318,0,0
1680412770021,1258,/top-up,200,OK,traffic distribution gojek 1-77,text,true,,19176,179,4,4,https://api-staging-builder.engineer.ai/configurations,995,0,630
1680412770810,582,/choose-vehicle,200,OK,traffic distribution gojek 1-76,text,true,,19176,179,4,4,https://api-staging-builder.engineer.ai/configurations,326,0,0
1680412771233,564,/payment-methods,200,OK,traffic distribution gojek 1-74,text,true,,19176,179,4,4,https://api-staging-builder.engineer.ai/configurations,320,0,0
1680412771280,563,/pay,200,OK,traffic distribution gojek 1-77,text,true,,19176,179,3,3,https://api-staging-builder.engineer.ai/configurations,315,0,0
1680412771393,561,/voucher,200,OK,traffic distribution gojek 1-76,text,true,,19176,179,2,2,https://api-staging-builder.engineer.ai/configurations,321,0,0
1680412771015,1081,/destination,200,OK,traffic distribution gojek 1-78,text,true,,19176,179,3,3,https://api-staging-builder.engineer.ai/configurations,836,0,514
1680412771955,546,/payment-methods,200,OK,traffic distribution gojek 1-76,text,true,,19169,179,3,3,https://api-staging-builder.engineer.ai/configurations,304,0,0
1680412772096,553,/pickup-location,200,OK,traffic distribution gojek 1-78,text,true,,19176,179,3,3,https://api-staging-builder.engineer.ai/configurations,306,0,0
1680412772502,680,/history,200,OK,traffic distribution gojek 1-76,text,true,,19176,179,4,4,https://api-staging-builder.engineer.ai/configurations,434,0,0
1680412772021,1189,/top-up,200,OK,traffic distribution gojek 1-79,text,true,,19176,179,4,4,https://api-staging-builder.engineer.ai/configurations,943,0,500
1680412772649,660,/choose-vehicle,200,OK,traffic distribution gojek 1-78,text,true,,19176,179,4,4,https://api-staging-builder.engineer.ai/configurations,411,0,0
1680412773182,558,/ongoing,200,OK,traffic distribution gojek 1-76,text,true,,19176,179,4,4,https://api-staging-builder.engineer.ai/configurations,324,0,0
1680412773211,576,/pay,200,OK,traffic distribution gojek 1-79,text,true,,19169,179,4,4,https://api-staging-builder.engineer.ai/configurations,329,0,0
1680412773309,565,/voucher,200,OK,traffic distribution gojek 1-78,text,true,,19176,179,3,3,https://api-staging-builder.engineer.ai/configurations,321,0,0
1680412773019,1094,/destination,200,OK,traffic distribution gojek 1-80,text,true,,19176,179,3,3,https://api-staging-builder.engineer.ai/configurations,848,0,510
1680412773740,543,/scheduled,200,OK,traffic distribution gojek 1-76,text,true,,19169,179,3,3,https://api-staging-builder.engineer.ai/configurations,304,0,0
1680412773874,591,/payment-methods,200,OK,traffic distribution gojek 1-78,text,true,,19176,179,2,2,https://api-staging-builder.engineer.ai/configurations,350,0,0
1680412774113,575,/pickup-location,200,OK,traffic distribution gojek 1-80,text,true,,19176,179,1,1,https://api-staging-builder.engineer.ai/configurations,327,0,0
1680412774689,583,/choose-vehicle,200,OK,traffic distribution gojek 1-80,text,true,,19176,179,2,2,https://api-staging-builder.engineer.ai/configurations,336,0,0
1680412775029,2222,/top-up,200,OK,traffic distribution gojek 1-82,text,true,,19169,179,3,3,https://api-staging-builder.engineer.ai/configurations,831,0,499
1680412775273,2477,/voucher,200,OK,traffic distribution gojek 1-80,text,true,,19169,179,3,3,https://api-staging-builder.engineer.ai/configurations,439,0,0
1680412777252,592,/pay,200,OK,traffic distribution gojek 1-82,text,true,,19176,179,3,3,https://api-staging-builder.engineer.ai/configurations,344,0,0
1680412777018,1257,/top-up,200,OK,traffic distribution gojek 1-84,text,true,,19176,179,3,3,https://api-staging-builder.engineer.ai/configurations,1003,0,665
1680412777844,579,/destination,200,OK,traffic distribution gojek 1-82,text,true,,19176,179,3,3,https://api-staging-builder.engineer.ai/configurations,333,0,0
1680412777751,829,/payment-methods,200,OK,traffic distribution gojek 1-80,text,true,,19176,179,3,3,https://api-staging-builder.engineer.ai/configurations,333,0,0
1680412778277,668,/pay,200,OK,traffic distribution gojek 1-84,text,true,,19176,179,2,2,https://api-staging-builder.engineer.ai/configurations,411,0,0
1680412778424,620,/pickup-location,200,OK,traffic distribution gojek 1-82,text,true,,19169,179,3,3,https://api-staging-builder.engineer.ai/configurations,377,0,0
1680412778945,610,/destination,200,OK,traffic distribution gojek 1-84,text,true,,19176,179,3,3,https://api-staging-builder.engineer.ai/configurations,351,0,0
1680412779044,573,/choose-vehicle,200,OK,traffic distribution gojek 1-82,text,true,,19176,179,3,3,https://api-staging-builder.engineer.ai/configurations,326,0,0
1680412779021,1059,/destination,200,OK,traffic distribution gojek 1-86,text,true,,19182,179,4,4,https://api-staging-builder.engineer.ai/configurations,812,0,503
1680412779556,584,/pickup-location,200,OK,traffic distribution gojek 1-84,text,true,,19169,179,4,4,https://api-staging-builder.engineer.ai/configurations,329,0,0
1680412779618,569,/voucher,200,OK,traffic distribution gojek 1-82,text,true,,19169,179,4,4,https://api-staging-builder.engineer.ai/configurations,322,0,0
1680412780080,596,/pickup-location,200,OK,traffic distribution gojek 1-86,text,true,,19182,179,4,4,https://api-staging-builder.engineer.ai/configurations,334,0,0
1680412780141,587,/choose-vehicle,200,OK,traffic distribution gojek 1-84,text,true,,19169,179,4,4,https://api-staging-builder.engineer.ai/configurations,327,0,0
1680412780187,576,/payment-methods,200,OK,traffic distribution gojek 1-82,text,true,,19176,179,4,4,https://api-staging-builder.engineer.ai/configurations,332,0,0
1680412780023,1067,/top-up,200,OK,traffic distribution gojek 1-87,text,true,,19176,179,4,4,https://api-staging-builder.engineer.ai/configurations,823,0,504
1680412780677,579,/choose-vehicle,200,OK,traffic distribution gojek 1-86,text,true,,19176,179,4,4,https://api-staging-builder.engineer.ai/configurations,328,0,0
1680412780729,612,/voucher,200,OK,traffic distribution gojek 1-84,text,true,,19176,179,4,4,https://api-staging-builder.engineer.ai/configurations,357,0,0
1680412781090,560,/pay,200,OK,traffic distribution gojek 1-87,text,true,,19176,179,4,4,https://api-staging-builder.engineer.ai/configurations,317,0,0
1680412781256,658,/voucher,200,OK,traffic distribution gojek 1-86,text,true,,19176,179,3,3,https://api-staging-builder.engineer.ai/configurations,411,0,0
1680412781342,606,/payment-methods,200,OK,traffic distribution gojek 1-84,text,true,,19169,179,3,3,https://api-staging-builder.engineer.ai/configurations,349,0,0
1680412781015,1138,/destination,200,OK,traffic distribution gojek 1-88,text,true,,19182,179,3,3,https://api-staging-builder.engineer.ai/configurations,889,0,492
1680412781915,594,/payment-methods,200,OK,traffic distribution gojek 1-86,text,true,,19176,179,3,3,https://api-staging-builder.engineer.ai/configurations,342,0,0
1680412782154,570,/pickup-location,200,OK,traffic distribution gojek 1-88,text,true,,19169,179,3,3,https://api-staging-builder.engineer.ai/configurations,319,0,0
1680412782510,564,/history,200,OK,traffic distribution gojek 1-86,text,true,,19169,179,4,4,https://api-staging-builder.engineer.ai/configurations,318,0,0
1680412782029,1073,/top-up,200,OK,traffic distribution gojek 1-89,text,true,,19176,179,4,4,https://api-staging-builder.engineer.ai/configurations,829,0,497
1680412782725,589,/choose-vehicle,200,OK,traffic distribution gojek 1-88,text,true,,19176,179,4,4,https://api-staging-builder.engineer.ai/configurations,333,0,0
1680412783075,581,/ongoing,200,OK,traffic distribution gojek 1-86,text,true,,19169,179,4,4,https://api-staging-builder.engineer.ai/configurations,323,0,0
1680412783102,580,/pay,200,OK,traffic distribution gojek 1-89,text,true,,19176,179,4,4,https://api-staging-builder.engineer.ai/configurations,330,0,0
1680412783314,586,/voucher,200,OK,traffic distribution gojek 1-88,text,true,,19176,179,3,3,https://api-staging-builder.engineer.ai/configurations,342,0,0
1680412783026,1042,/destination,200,OK,traffic distribution gojek 1-90,text,true,,19176,179,3,3,https://api-staging-builder.engineer.ai/configurations,797,0,493
1680412783656,590,/scheduled,200,OK,traffic distribution gojek 1-86,text,true,,19176,179,3,3,https://api-staging-builder.engineer.ai/configurations,342,0,0
1680412784069,362,/pickup-location,200,OK,traffic distribution gojek 1-90,text,true,,19169,179,2,2,https://api-staging-builder.engineer.ai/configurations,344,0,0
1680412783901,564,/payment-methods,200,OK,traffic distribution gojek 1-88,text,true,,19169,179,2,2,https://api-staging-builder.engineer.ai/configurations,320,0,0
1680412784432,369,/choose-vehicle,200,OK,traffic distribution gojek 1-90,text,true,,19176,179,1,1,https://api-staging-builder.engineer.ai/configurations,352,0,0
1680412784802,351,/voucher,200,OK,traffic distribution gojek 1-90,text,true,,19169,179,2,2,https://api-staging-builder.engineer.ai/configurations,350,0,0
1680412785153,312,/payment-methods,200,OK,traffic distribution gojek 1-90,text,true,,19176,179,2,2,https://api-staging-builder.engineer.ai/configurations,310,0,0
1680412785018,1106,/top-up,200,OK,traffic distribution gojek 1-92,text,true,,19176,179,1,1,https://api-staging-builder.engineer.ai/configurations,854,0,517
1680412786125,602,/pay,200,OK,traffic distribution gojek 1-92,text,true,,19169,179,1,1,https://api-staging-builder.engineer.ai/configurations,343,0,0
1680412786727,571,/destination,200,OK,traffic distribution gojek 1-92,text,true,,19169,179,2,2,https://api-staging-builder.engineer.ai/configurations,319,0,0
1680412787298,679,/pickup-location,200,OK,traffic distribution gojek 1-92,text,true,,19176,179,2,2,https://api-staging-builder.engineer.ai/configurations,405,0,0
1680412787028,1121,/top-up,200,OK,traffic distribution gojek 1-94,text,true,,19176,179,2,2,https://api-staging-builder.engineer.ai/configurations,870,0,529
1680412787978,570,/choose-vehicle,200,OK,traffic distribution gojek 1-92,text,true,,19169,179,2,2,https://api-staging-builder.engineer.ai/configurations,315,0,0
1680412788149,593,/pay,200,OK,traffic distribution gojek 1-94,text,true,,19169,179,2,2,https://api-staging-builder.engineer.ai/configurations,338,0,0
1680412788549,598,/voucher,200,OK,traffic distribution gojek 1-92,text,true,,19176,179,3,3,https://api-staging-builder.engineer.ai/configurations,347,0,0
1680412788744,567,/destination,200,OK,traffic distribution gojek 1-94,text,true,,19176,179,3,3,https://api-staging-builder.engineer.ai/configurations,316,0,0
1680412789148,569,/payment-methods,200,OK,traffic distribution gojek 1-92,text,true,,19169,179,3,3,https://api-staging-builder.engineer.ai/configurations,318,0,0
1680412789311,601,/pickup-location,200,OK,traffic distribution gojek 1-94,text,true,,19169,179,2,2,https://api-staging-builder.engineer.ai/configurations,350,0,0
1680412789023,1093,/destination,200,OK,traffic distribution gojek 1-96,text,true,,19169,179,3,3,https://api-staging-builder.engineer.ai/configurations,840,0,506
1680412789913,573,/choose-vehicle,200,OK,traffic distribution gojek 1-94,text,true,,19182,179,3,3,https://api-staging-builder.engineer.ai/configurations,318,0,0
1680412790117,583,/pickup-location,200,OK,traffic distribution gojek 1-96,text,true,,19176,179,3,3,https://api-staging-builder.engineer.ai/configurations,323,0,0
1680412790487,678,/voucher,200,OK,traffic distribution gojek 1-94,text,true,,19169,179,4,4,https://api-staging-builder.engineer.ai/configurations,428,0,0
1680412790019,1156,/top-up,200,OK,traffic distribution gojek 1-97,text,true,,19176,179,4,4,https://api-staging-builder.engineer.ai/configurations,906,0,510
1680412790701,607,/choose-vehicle,200,OK,traffic distribution gojek 1-96,text,true,,19169,179,4,4,https://api-staging-builder.engineer.ai/configurations,354,0,0
1680412791166,580,/payment-methods,200,OK,traffic distribution gojek 1-94,text,true,,19176,179,4,4,https://api-staging-builder.engineer.ai/configurations,331,0,0
1680412791176,579,/pay,200,OK,traffic distribution gojek 1-97,text,true,,19176,179,3,3,https://api-staging-builder.engineer.ai/configurations,337,0,0
1680412791309,577,/voucher,200,OK,traffic distribution gojek 1-96,text,true,,19175,179,2,2,https://api-staging-builder.engineer.ai/configurations,320,0,0
1680412791031,1112,/destination,200,OK,traffic distribution gojek 1-98,text,true,,19176,179,3,3,https://api-staging-builder.engineer.ai/configurations,855,0,510
1680412791887,578,/payment-methods,200,OK,traffic distribution gojek 1-96,text,true,,19176,179,3,3,https://api-staging-builder.engineer.ai/configurations,332,0,0
1680412792144,566,/pickup-location,200,OK,traffic distribution gojek 1-98,text,true,,19176,179,3,3,https://api-staging-builder.engineer.ai/configurations,312,0,0
1680412792465,571,/history,200,OK,traffic distribution gojek 1-96,text,true,,19176,179,4,4,https://api-staging-builder.engineer.ai/configurations,324,0,0
1680412792025,1110,/top-up,200,OK,traffic distribution gojek 1-99,text,true,,19169,179,4,4,https://api-staging-builder.engineer.ai/configurations,857,0,518
1680412792710,566,/choose-vehicle,200,OK,traffic distribution gojek 1-98,text,true,,19176,179,4,4,https://api-staging-builder.engineer.ai/configurations,311,0,0
1680412793037,583,/ongoing,200,OK,traffic distribution gojek 1-96,text,true,,19169,179,4,4,https://api-staging-builder.engineer.ai/configurations,334,0,0
1680412793136,572,/pay,200,OK,traffic distribution gojek 1-99,text,true,,19176,179,4,4,https://api-staging-builder.engineer.ai/configurations,321,0,0
1680412793276,652,/voucher,200,OK,traffic distribution gojek 1-98,text,true,,19176,179,3,3,https://api-staging-builder.engineer.ai/configurations,404,0,0
1680412793018,1111,/destination,200,OK,traffic distribution gojek 1-100,text,true,,19176,179,3,3,https://api-staging-builder.engineer.ai/configurations,866,0,501
1680412793621,581,/scheduled,200,OK,traffic distribution gojek 1-96,text,true,,19176,179,3,3,https://api-staging-builder.engineer.ai/configurations,337,0,0
1680412793928,596,/payment-methods,200,OK,traffic distribution gojek 1-98,text,true,,19176,179,2,2,https://api-staging-builder.engineer.ai/configurations,338,0,0
1680412794129,588,/pickup-location,200,OK,traffic distribution gojek 1-100,text,true,,19176,179,1,1,https://api-staging-builder.engineer.ai/configurations,341,0,0
1680412794718,549,/choose-vehicle,200,OK,traffic distribution gojek 1-100,text,true,,19176,179,1,1,https://api-staging-builder.engineer.ai/configurations,306,0,0
1680412795267,585,/voucher,200,OK,traffic distribution gojek 1-100,text,true,,19176,179,1,1,https://api-staging-builder.engineer.ai/configurations,336,0,0
1680412795852,545,/payment-methods,200,OK,traffic distribution gojek 1-100,text,true,,19176,179,1,1,https://api-staging-builder.engineer.ai/configurations,299,0,0
